,date,t_volume,t_sum_pos,t_sum_neg,t_sum_neut,t_sum_comp,t_avg_neut,t_avg_pos,t_avg_neg,t_avg_comp,t_zavg_neut,t_zavg_pos,t_zavg_neg,t_zavg_comp,t_nonZero_neut,t_nonZero_pos,t_nonZero_neg,t_nonZero_comp,t_day_of_week,t_is_weekend
0,2019-03-26,72635,6789.477,2215.836,63613.560999999994,15461.908000000001,0.8757976319955944,0.09347390376540235,0.030506450058511735,0.2128713154815172,0.8760267847306378,0.16750492191547628,0.12932391735730125,0.4206062947145073,72616,40533,17134,36761,0,0
1,2019-03-27,78592,7700.942,2158.9040000000005,68721.946,19160.4929,0.8744140116042345,0.09798633448697068,0.027469767915309452,0.2437969882430782,0.8746143253493521,0.17084350874079332,0.12869003338102053,0.46513953584346857,78574,45076,16776,41193,0,0
2,2019-03-28,78766,7491.213,2429.966,68835.597,17701.770600000003,0.8739252596297894,0.09510719091994008,0.03085044308457964,0.22473872736967732,0.874102819047619,0.16467823697515938,0.13234388105223027,0.42998859794014777,78750,45490,18361,41168,0,0
3,2019-03-29,70494,6793.746999999999,2186.1050000000005,61508.604999999996,15623.195300000003,0.8725367407155218,0.09637340766590063,0.031011220813118853,0.22162446874911343,0.8726729140360087,0.1689314451959419,0.1308026685813439,0.4355261847680643,70483,40216,16713,35872,0,0
4,2019-03-30,71713,6938.961,2726.259,62041.79300000001,14089.0469,0.8651401140657902,0.09676015506254096,0.03801624531117092,0.19646433561557874,0.8652728375777525,0.16482484144516496,0.13453042190969652,0.4179113961973126,71702,42099,20265,33713,0,0
5,2019-03-31,62468,6022.011,1943.868,54494.12400000001,13557.6306,0.8723526285458156,0.09640153358519563,0.03111782032400589,0.21703321060382916,0.8725481794600828,0.1677440389972145,0.12797866877345446,0.42849654235145385,62454,35900,15189,31640,0,0
6,2019-04-01,78742,7505.377000000001,2342.848,68887.789,17240.4252,0.8748544487059003,0.09531605750425441,0.029753473368723173,0.2189482766503264,0.8750544814795996,0.16606653390861825,0.1229196222455404,0.4233584264420598,78724,45195,19060,40723,0,0
7,2019-04-02,134040,12046.887999999999,4270.8820000000005,117675.76199999999,25903.552700000004,0.8779152641002684,0.08987532079976125,0.031862742464935846,0.19325240749030143,0.8783674228004568,0.16382745396687245,0.12598843623705716,0.39398835992516773,133971,73534,33899,65747,0,0
8,2019-04-03,127123,12461.145,3992.1860000000006,110642.941,28289.830500000004,0.8703613114857265,0.09802431503347152,0.03140412041880699,0.2225390409288642,0.8707517431885792,0.17218898976080918,0.11757284641437198,0.4290303234807929,127066,72369,33955,65939,0,0
9,2019-04-04,121218,8988.432999999999,8822.483999999999,103379.59999999999,10953.623800000001,0.8528403372436436,0.0741509759276675,0.07278196307479086,0.09036301374383343,0.8531359345084835,0.16878418522552294,0.17006542398365362,0.22666108926871667,121176,53254,51877,48326,0,0
10,2019-04-05,116221,8379.644000000002,8115.695,99708.498,9914.2851,0.8579215288114885,0.07210094561223877,0.06982985002710353,0.08530545340342967,0.8581430403387527,0.16878109893651308,0.16718224703361897,0.22125162017406827,116191,49648,48544,44810,0,0
11,2019-04-06,81582,7350.255000000001,2850.3300000000004,71373.91900000001,15677.632099999999,0.8748733666740214,0.09009652864602487,0.034938221666544096,0.19217023485572796,0.8750342540488188,0.16545312324141814,0.12795519841982406,0.39382129920369763,81567,44425,22276,39809,0,0
12,2019-04-07,75877,7297.168,2077.127,66481.999,16874.339,0.8761811747960514,0.09617101361413867,0.027374922572057408,0.22239069810350962,0.8765855198966271,0.17063411668420436,0.11556929839203249,0.43404426781901895,75842,42765,17973,38877,0,0
13,2019-04-08,86728,8207.981000000002,2767.3790000000004,75733.823,17855.9001,0.8732338229868094,0.09464049672539436,0.03190871460197399,0.20588391407619222,0.8735662148912856,0.1720065592321717,0.1268916043835114,0.4165029996967647,86695,47719,21809,42871,0,0
14,2019-04-09,92907,8007.618,4232.827,80623.523,13741.036399999999,0.8677873895400777,0.08618960896380251,0.045559828645850155,0.1479009805504429,0.8683575275186869,0.1633740971967193,0.15203573865881256,0.32705072950136854,92846,49014,27841,42015,0,0
15,2019-04-10,88072,7906.657,3353.529,76785.51999999999,15514.549200000001,0.8718493959487691,0.08977492279044419,0.03807713007539286,0.1761575665364702,0.8723842850326069,0.1641440968257593,0.14263052909152774,0.3658401528013583,88018,48169,23512,42408,0,0
16,2019-04-11,88243,8251.936,3085.245,76840.412,17879.635,0.8707819543759845,0.09351377446369684,0.03496305655972712,0.20261816801332683,0.8715819967786574,0.16209188944980257,0.12899799305933018,0.40050254239186434,88162,50909,23917,44643,0,0
17,2019-04-12,82973,7981.903,3122.9640000000004,71846.252,17006.0715,0.8658991720198136,0.09619879960951153,0.03763831607872441,0.20495910115338722,0.8662019193672839,0.1580887898593781,0.1268517811446444,0.388568100808847,82944,50490,24619,43766,0,0
18,2019-04-13,70398,6734.039999999999,2391.3949999999995,61257.19899999999,14772.260900000001,0.8701553879371572,0.09565669479246568,0.033969644023977945,0.2098392127617262,0.8704768800090944,0.1619810934981839,0.12360546854809529,0.40744320664165934,70372,41573,19347,36256,0,0
19,2019-04-14,69595,6506.5289999999995,1943.379,61125.240000000005,14915.968200000001,0.8782993031108557,0.09349132840002873,0.02792411811193333,0.21432528486241828,0.8786907020872866,0.16240337959265175,0.12003576281655343,0.4170199116528741,69564,40064,16190,35768,0,0
20,2019-04-15,93866,8201.62,3039.85,82609.31899999999,16911.9743,0.8800771205761403,0.08737583363518207,0.03238499563207125,0.1801714603796902,0.8804616999733546,0.16074358622581975,0.1368069306930693,0.37550455837292956,93825,51023,22220,45038,0,0
21,2019-04-16,88200,7892.146000000001,3094.987,77192.78199999999,15508.54,0.8752016099773242,0.08948011337868482,0.035090555555555555,0.17583378684807258,0.8755192586879592,0.16031497694448396,0.13509327804452204,0.36525919121976497,88168,49229,22910,42459,0,0
22,2019-04-17,83597,7744.847000000001,2775.643,73015.015,15978.9406,0.8734166895941242,0.0926450351089154,0.03320266277497996,0.19114251229111093,0.8742951995497706,0.16499812522635762,0.12768621768331953,0.3872556007949203,83513,46939,21738,41262,0,0
23,2019-04-18,83411,7253.696000000001,2350.2430000000004,73774.543,16085.659300000001,0.8844701897831222,0.08696330220234742,0.02817665535720709,0.1928481770989438,0.8850325463662756,0.16395497491071834,0.1319693974956483,0.40485400432900437,83358,44242,17809,39732,0,0
24,2019-04-19,81790,7374.979,2517.8459999999995,71884.673,16245.7531,0.8788931776500795,0.0901696906712312,0.03078427680645555,0.1986276207360313,0.87910814479638,0.16701342905022873,0.13497619813444836,0.407846587000728,81770,44158,18654,39833,0,0
25,2019-04-20,75695,6748.992,2569.9240000000004,66358.452,14240.0286,0.87665568399498,0.08916034084153511,0.03395104035933682,0.18812376775216327,0.8770496292673902,0.16504834804724758,0.13627765404602823,0.39169381378077295,75661,40891,18858,36355,0,0
26,2019-04-21,74884,7057.747999999999,2642.833,65168.386000000006,14627.105800000001,0.8702578120826879,0.09424907857486244,0.03529235884835212,0.19533018802414404,0.8706182250544401,0.1664366937861101,0.13992868110340445,0.3890601606553889,74853,42405,18887,37596,0,0
27,2019-04-22,86434,8326.22,2738.832,75366.916,18489.103600000002,0.8719591364509336,0.09633037924890667,0.03168697503297314,0.21391007705301157,0.8722921725442992,0.16812834440562968,0.13454666928669679,0.4176629529231048,86401,49523,20356,44268,0,0
28,2019-04-23,101814,9362.435,3302.4739999999993,89145.69300000001,19938.9741,0.8755740173257117,0.09195626338224605,0.032436344707014744,0.1958372532264718,0.8757890636512787,0.17040269006060826,0.13368716350240858,0.40622145913128516,101789,54943,24703,49084,0,0
29,2019-04-24,91921,8545.607,2984.293,80389.27899999998,18100.733799999998,0.87454748098911,0.09296686284962087,0.03246584567182689,0.1969161976044647,0.8747378048116994,0.16742304376787742,0.13306103977171393,0.39977767519932855,91901,51042,22428,45277,0,0
30,2019-04-25,89453,8501.267,3068.8940000000002,77865.122,18147.2375,0.8704584754004897,0.09503613070551016,0.034307334577934785,0.20286896470772361,0.870750500430538,0.16132967074675017,0.1340538155768139,0.393811711985417,89423,52695,22893,46081,0,0
31,2019-04-26,86683,8021.741,3361.732,75280.776,15730.3446,0.868460667028137,0.09254110956012136,0.0387819064868544,0.18146977608066173,0.8688114670852183,0.1607692199775533,0.1374547982172793,0.36556692075296304,86648,49896,24457,43030,0,0
32,2019-04-27,70461,6812.833,2289.256,61339.018000000004,14830.6062,0.8705385674344673,0.09668941684052171,0.03248968933168703,0.2104796440584153,0.8708722775932078,0.16666258133959586,0.128350302758466,0.40814063351404906,70434,40878,17836,36337,0,0
33,2019-04-28,71247,7112.142,2227.716,61890.177,15922.1768,0.8686706387637375,0.09982373994694513,0.03126750600025264,0.22347855769365726,0.8689633545343499,0.1693689750428653,0.12359720372836218,0.42484062116441645,71223,41992,18024,37478,0,0
34,2019-04-29,80234,7779.695999999999,2622.425,69810.93000000001,16968.3304,0.8700916070493807,0.09696258444051149,0.03268470972405713,0.21148553481067875,0.8705798800334211,0.16590314119378158,0.1311474794958992,0.4115031017339638,80189,46893,19996,41235,0,0
35,2019-04-30,88615,8317.498000000001,2575.928,77703.181,19549.808399999998,0.8768626191953958,0.09386106189697005,0.0290687581109293,0.22061511482254695,0.8772189909572246,0.16204917489820175,0.1287964,0.42793556606251637,88579,51327,20000,45684,0,0
36,2019-05-01,84961,7981.279,2530.2609999999995,74424.962,18267.230700000004,0.8759897129271077,0.09394050211273408,0.029781440896411288,0.21500724685443914,0.8763507288698397,0.16450479213471567,0.12962402663934425,0.41616691802979916,84926,48517,19520,43894,0,0
37,2019-05-02,90067,8786.046,2793.0870000000004,78473.04800000001,20022.743000000002,0.871274140362175,0.09755011269388345,0.031011213874115942,0.22230942520568023,0.8715934869049471,0.1681475541606063,0.12861292996270204,0.4220556691469405,90034,52252,21717,47441,0,0
38,2019-05-03,100065,9182.504,3180.63,87687.842,19648.6975,0.8763088192674762,0.09176539249487833,0.03178563933443262,0.19635934142807174,0.8766241989822952,0.16804231022619137,0.1356634676903391,0.40107567870994076,100029,54644,23445,48990,0,0
39,2019-05-04,80136,7388.127,2841.2070000000003,69900.912,15498.4187,0.8722785265049415,0.09219485624438455,0.03545481431566338,0.19340145128281921,0.8724853901169539,0.16620086383371202,0.1312032786885246,0.3869381010635642,80117,44453,21655,40054,0,0
40,2019-05-05,74001,7404.768000000001,2648.603,63931.765,16095.991899999999,0.8639310955257361,0.10006308022864557,0.03579144876420589,0.21751046472344968,0.8641996945037714,0.17316234039567843,0.12653368048920313,0.4238352660821023,73978,42762,20932,37977,0,0
41,2019-05-06,85394,8171.018,2858.9030000000007,74360.399,17877.7825,0.8707918472023796,0.09568609035763637,0.033478968077382494,0.20935642433894655,0.8709550352549837,0.16477480892939966,0.12959669084315506,0.40356168171557566,85378,49589,22060,44300,0,0
42,2019-05-07,91593,8718.599,2790.264,80069.386,20151.550100000004,0.8741867391612896,0.09518848601967399,0.03046372539386198,0.22001190156453007,0.8744922619892749,0.16357596622889306,0.1303678923515395,0.4215364522539484,91561,53300,21403,47805,0,0
43,2019-05-08,122694,11299.006,6675.017000000001,104703.09999999999,15991.032500000001,0.8533677278432522,0.09209094169234029,0.05440377687580485,0.13033263647774138,0.8536321093138534,0.1588947546055407,0.13876508741658525,0.27917792733811697,122656,71110,48103,57279,0,0
44,2019-05-09,109158,9931.005000000001,4473.2519999999995,94739.66799999999,18159.6316,0.8679131900547828,0.09097826086956523,0.04097960754136206,0.16636097766540245,0.8682074761045078,0.16844202652735848,0.1420305445308779,0.35471494481883,109121,58958,31495,51195,0,0
45,2019-05-10,110372,10257.538999999999,3872.5969999999998,96235.705,21873.9514,0.8719213659261407,0.09293606168231072,0.035086770195339394,0.19818388178161128,0.8721663298320661,0.16353712354319785,0.13039925247491413,0.39430997223924724,110341,62723,29698,55474,0,0
46,2019-05-11,123602,12158.095,4034.0810000000006,107395.829,27258.478300000002,0.8688842332648339,0.0983648727366871,0.03263766767528034,0.22053428180773776,0.8692217896628195,0.17298524557509531,0.12468569574086669,0.43426656948493686,123554,70284,32354,62769,0,0
47,2019-05-12,110542,11383.234999999999,3629.7850000000003,95522.699,25867.8563,0.8641303667384342,0.10297656094516111,0.032836252284199674,0.23400930234661937,0.8643727683217055,0.17893947968246482,0.12246651371503763,0.45071448260240793,110511,63615,29639,57393,0,0
48,2019-05-13,154147,14401.718,4585.5779999999995,135137.60799999998,32183.4066,0.8766801040565173,0.09342846763154651,0.02974808462052456,0.20878386604993934,0.8770670110787322,0.1715879283229281,0.13429327007555789,0.425509441396179,154079,83932,34146,75635,0,0
49,2019-05-14,152392,14243.884000000004,4781.816,133339.75699999998,32030.9362,0.8749787193553467,0.09346871226836057,0.031378392566538925,0.21018778019843562,0.8753865652142514,0.16608038244038947,0.12749129495827444,0.4230964018703934,152321,85765,37507,75706,0,0
50,2019-05-15,129130,13325.972999999998,4298.223000000001,111486.214,30218.761499999997,0.8633641601486874,0.10319811817548206,0.03328601409432356,0.23401813288933632,0.8637320472593454,0.17357855728651067,0.12312650032942797,0.4381816817469984,129075,76772,34909,68964,0,0
51,2019-05-16,123109,12610.530999999999,4032.1910000000003,106437.74799999999,30152.5609,0.8645813709801883,0.10243386754827022,0.03275301562030396,0.2449257235458009,0.8650381001918013,0.16900798767003952,0.12492846077580866,0.44980996061700035,123044,74615,32276,67034,0,0
52,2019-05-17,113180,10787.582,4067.663,98306.35800000001,23811.6099,0.8685841844848914,0.09531350061848383,0.03593976851033751,0.2103870816398657,0.8689757533435283,0.16497043935709807,0.1321914464918267,0.4107858037470241,113129,65391,30771,57966,0,0
53,2019-05-18,88609,8554.936000000002,2899.328,77137.99399999999,20188.4375,0.8705435565236036,0.09654703246848516,0.032720468575426875,0.22783732465099482,0.8708187308790823,0.1651627700445972,0.12500336293869105,0.43662948504444493,88581,51797,23194,46237,0,0
54,2019-05-19,98868,9607.35,3047.767,86210.73099999999,22651.142,0.8719781021159524,0.09717350406602743,0.03082662742242181,0.22910488732451348,0.8722074725319194,0.16628905235828645,0.12310728278870622,0.4345626199063771,98842,57775,24757,52124,0,0
55,2019-05-20,115007,11127.313000000002,4013.185,99853.815,24874.591800000002,0.8682411940142775,0.09675335414366083,0.034895136817758916,0.21628763292669143,0.8684903978290744,0.1644276594801472,0.12869372113904567,0.4186020867340929,114974,67673,31184,59423,0,0
56,2019-05-21,119638,12221.727,4071.0289999999995,103326.48,26434.979699999996,0.8636593724401945,0.10215589528410707,0.03402789247563483,0.22095805429712964,0.8640204702812991,0.17145360043769203,0.13069953127006548,0.41934325893494495,119588,71283,31148,63039,0,0
57,2019-05-22,114441,11411.564999999999,3914.1220000000003,99099.61799999999,24475.8617,0.8659450546569847,0.09971570503578261,0.03420209540287135,0.2138731896785243,0.8662251145064856,0.1675682442254886,0.12777885870984593,0.41134519343887604,114404,68101,30632,59502,0,0
58,2019-05-23,102064,9937.515,3227.0920000000006,88880.45999999999,22184.683299999997,0.8708306552751214,0.09736552555259445,0.031618317918169,0.21736051203166637,0.871163538348444,0.16737149257250647,0.12105983418989386,0.4175468803523366,102025,59374,26657,53131,0,0
59,2019-05-24,124650,10021.605,3327.213,93090.82400000002,21572.283799999997,0.7468176815082233,0.08039795427196149,0.026692442839951865,0.17306284636983552,0.8748150960418,0.17035723392319851,0.12794512593731974,0.4091704373885664,106412,58827,26005,52722,0,0
60,2019-05-25,92661,9239.925000000001,3149.1460000000006,80259.007,20059.600599999998,0.8661573585435081,0.09971751869718654,0.033985668188342456,0.21648374828676573,0.8664098171297795,0.17265724269377383,0.12337013241400926,0.42356469942355196,92634,53516,25526,47359,0,0
61,2019-05-26,96520,9309.453,2926.8849999999998,84274.72,20598.9582,0.8731322005801907,0.09645102569415664,0.030324129714048898,0.21341647534189806,0.8733765143585546,0.1741712441534144,0.12326840464959568,0.4364186059322034,96493,53450,23744,47200,0,0
62,2019-05-27,118002,11129.662,3673.692,103195.19300000001,25304.0372,0.8745207115133643,0.09431757088862901,0.031132455382112168,0.21443735868883576,0.8747134417169595,0.16839905584724094,0.12266902631227461,0.4285260918897864,117976,66091,29948,59049,0,0
63,2019-05-28,113063,10605.562,3170.067,99263.29000000001,26160.169,0.8779467199702822,0.09380223415264057,0.02803805842760231,0.23137692260067397,0.8782962890866942,0.16446301522811152,0.12052570146756901,0.44609192913050155,113018,64486,26302,58643,0,0
64,2019-05-29,111829,10844.418,3320.6789999999996,97606.475,25773.9802,0.8728189914959448,0.09697321803825483,0.029694256409339256,0.2304767117652845,0.8734594664733729,0.16669871183939497,0.12117939641645074,0.4348937855395259,111747,65054,27403,59265,0,0
65,2019-05-30,116274,10995.894,3892.151,101361.539,24025.8224,0.8717472435798201,0.09456881160018576,0.03347395806457162,0.20663108175516454,0.8721597931491409,0.16676616719242904,0.13716831718061673,0.41026301014309624,116219,65936,28375,58562,0,0
66,2019-05-31,101414,9312.424,3702.596,88388.41199999998,19497.6615,0.8715602579525508,0.09182582286469325,0.03650971266294594,0.19225808566864533,0.8718267559650038,0.16446362785440546,0.12962456238622042,0.3910481648616125,101383,56623,28564,49860,0,0
67,2019-06-01,85098,8671.899000000001,2322.0850000000005,74087.06599999999,21350.8466,0.8706087804648757,0.10190485087781148,0.027287186537873986,0.25089716092035064,0.8709567619674597,0.17564762714954124,0.11644777092422649,0.47666651634220397,85064,49371,19941,44792,0,0
68,2019-06-02,87742,8762.908,2709.759,76253.599,19910.344699999998,0.8690661142896219,0.09987130450639374,0.030883260012308816,0.22691920289029197,0.869393095349394,0.17397077625570775,0.12239753376394598,0.4456508874812543,87709,50370,22139,44677,0,0
69,2019-06-03,95447,8901.110999999999,3156.3060000000005,83371.014,19935.0752,0.8734796693452911,0.09325710603790584,0.03306867685731349,0.2088601548503358,0.873726828757074,0.16464939605260723,0.12984104652597805,0.41847002812880474,95420,54061,24309,47638,0,0
70,2019-06-04,98488,9536.001,3644.5780000000004,85273.35500000001,20940.139,0.8658248212980263,0.09682398870928438,0.03700530013808789,0.21261614612947768,0.866308605853728,0.16963143944784403,0.13514955315756297,0.41456591633505574,98433,56216,26967,50511,0,0
71,2019-06-05,88773,8707.955000000002,3109.0699999999997,76948.02000000002,19550.809999999998,0.8667953093846104,0.09809238169263179,0.035022698342964634,0.22023374224144726,0.8670394825798894,0.16946821967927764,0.13116225109686128,0.42458379481833775,88748,51384,23704,46047,0,0
72,2019-06-06,85195,8602.691,2899.8559999999998,73680.19699999999,20043.2,0.8648417982275953,0.10097647749281062,0.034037866071952576,0.23526263278361406,0.8651870809408061,0.16806069781980154,0.13063002837965673,0.4348992123592336,85161,51188,22199,46087,0,0
73,2019-06-07,84389,8193.653,3256.9429999999993,72933.321,16966.0299,0.8642515138228916,0.09709385109433694,0.03859440211401959,0.20104551422578773,0.8644461419935996,0.16513136097059594,0.13811725541749711,0.3881498490048044,84370,49619,23581,43710,0,0
74,2019-06-08,69983,7144.036,2435.372,60386.66899999999,15344.594200000001,0.8628762556620891,0.1020824485946587,0.034799479873683606,0.2192617378506209,0.8632092886957514,0.16954306191708,0.13508830707787883,0.41277759186528223,69956,42137,18028,37174,0,0
75,2019-06-09,68250,7303.556999999999,2260.823,58670.299999999996,16460.830599999998,0.8596380952380952,0.10701182417582417,0.03312561172161172,0.2411843311355311,0.8599530963722974,0.17568452323679398,0.13199573797290984,0.4476701278215936,68225,41572,17128,36770,0,0
76,2019-06-10,82094,8736.553000000002,2563.311,70789.702,19982.8504,0.862300557897045,0.1064213340804444,0.03122409676712062,0.24341426170000244,0.8624896681124812,0.1753658845018969,0.12328352250865718,0.4465341645996737,82076,49819,20792,44751,0,0
77,2019-06-11,78349,7577.934,2380.227,68382.637,17442.4729,0.8727952749875557,0.09672023893093722,0.030379800635617557,0.2226253417401626,0.8729624045752803,0.16639805889198744,0.11997716618781187,0.43050826587027347,78334,45541,19839,40516,0,0
78,2019-06-12,81612,8062.279,2380.203,71163.299,19738.894200000002,0.8719710214184189,0.09878791109150616,0.029164865460961625,0.24186264519923545,0.8721633821114297,0.16479527011834924,0.12279848320693391,0.4503409504688463,81594,48923,19383,43831,0,0
79,2019-06-13,84976,8421.329,2517.091,74013.91,20117.8605,0.8709978111466767,0.09910244068913575,0.029621198926755788,0.23674755813406137,0.8713567064197503,0.16604876173199778,0.12106637487374344,0.44292955746367235,84941,50716,20791,45420,0,0
80,2019-06-14,88369,8569.459,2847.465,76943.763,19797.941399999996,0.870709898267492,0.09697358802294924,0.032222442259163285,0.22403717819597366,0.8708774334480262,0.16185586929832846,0.1253451159924286,0.4199906956023674,88352,52945,22717,47139,0,0
81,2019-06-15,79008,7839.925000000001,2672.1760000000004,68476.217,17622.1922,0.8666997898946942,0.09922950840421224,0.03382158768732281,0.2230431374038072,0.867116841838673,0.16275534565082003,0.12235238095238098,0.41653135887678167,78970,48170,21840,42307,0,0
82,2019-06-16,95444,8911.535,3173.3500000000004,83349.55799999999,19220.3495,0.8732823226184987,0.09336925317463643,0.033248292192280295,0.20137828988726375,0.8736118354854938,0.16507733772969768,0.12768992435216484,0.40456228293586477,95408,53984,24852,47509,0,0
83,2019-06-17,106323,9702.735,3335.143,93266.331,21374.3836,0.8771980756750657,0.09125715978668773,0.0313680294950293,0.2010325479905571,0.8775777543588924,0.1638117708632304,0.1137071017012717,0.40932196327007414,106277,59231,29331,52219,0,0
84,2019-06-18,114057,10939.467,3725.141,99388.18100000001,25178.7343,0.8713904538958592,0.0959122807017544,0.03266034526596351,0.22075571249462989,0.8716044251900833,0.16239095969717213,0.11993370895041855,0.4228735060965369,114029,67365,31060,59542,0,0
85,2019-06-19,102035,9725.466,3057.1319999999996,89239.80699999999,22666.601699999996,0.8745999607977654,0.09531499975498604,0.029961601411280438,0.22214535894545984,0.8749601149098466,0.16398236325622176,0.11865905915230553,0.4285368895695082,101993,59308,25764,52893,0,0
86,2019-06-20,104429,10214.190999999999,2897.1859999999997,91285.51800000001,24625.2035,0.8741395397830106,0.09780990912485994,0.027743117333307796,0.23580809449482423,0.8750948377510426,0.16991368067338722,0.11895651816875384,0.4519381056379386,104315,60114,24355,54488,0,0
87,2019-06-21,124034,11745.634000000002,4119.992,108137.335,25483.890199999994,0.8718362303884419,0.09469688956253931,0.033216634148701164,0.20545890804134345,0.8725749017582649,0.17008114800388077,0.12984122782137342,0.4104875841628813,123929,69059,31731,62082,0,0
88,2019-06-22,178417,16544.592000000004,8159.8989999999985,153695.826,28314.402200000004,0.861441600295936,0.09272990802445957,0.045734986015906545,0.15869789425895517,0.8618425314297891,0.17051358370779574,0.15455232304865804,0.3552533462146496,178334,97028,52797,79702,0,0
89,2019-06-23,111809,10916.523000000001,4428.519,96452.709,23307.5729,0.8626560384226672,0.09763545868400576,0.039607893818923344,0.2084588262125589,0.8629416043374012,0.16672556356527585,0.13696591717440387,0.4132401847452218,111772,65476,32333,56402,0,0
90,2019-06-24,116531,11583.914999999999,3660.418,101256.784,27348.9247,0.8689257279178931,0.09940629532055847,0.0314115385605547,0.23469226815182226,0.8693211078486924,0.1666486599243285,0.12351255230125524,0.43815063842740193,116478,69511,29636,62419,0,0
91,2019-06-25,133394,13567.892000000002,4363.911,115444.89200000002,31534.8112,0.8654429134743693,0.10171291062566533,0.032714447426420976,0.23640352039821882,0.8656765398401297,0.16764972198195974,0.12812046035054755,0.4356780260012987,133358,80930,34061,72381,0,0
92,2019-06-26,207522,19833.410000000003,7684.817,179989.36299999998,39383.97379999999,0.8673266593421419,0.09557256580025252,0.03703133643661877,0.1897821618912693,0.8677657231567325,0.17224575755996738,0.1402031854338466,0.3892927981179819,207417,115146,54812,101168,0,0
93,2019-06-27,145247,13960.287000000002,5584.178999999999,125674.67399999998,28500.0768,0.8652479844678375,0.09611411595420216,0.03844608838736772,0.19621800656812188,0.8656174811447462,0.1693120565655586,0.13703170474344187,0.39124273182785363,145185,82453,40751,72845,0,0
94,2019-06-28,121794,11328.710000000001,3779.8610000000003,106659.27300000002,25693.796200000004,0.8757350362086803,0.09301533737294121,0.03103487035486149,0.2109610998899782,0.8762458450744725,0.17009819672377294,0.12904072784377987,0.4327813539052368,121723,66601,29292,59369,0,0
95,2019-06-29,95002,9308.716,2944.2769999999996,82736.437,21756.346299999997,0.870891528599398,0.09798442138060252,0.030991737016062816,0.22900935032946673,0.8711482826878936,0.16809108145686993,0.12613644931882442,0.441502218028329,94974,55379,23342,49278,0,0
96,2019-06-30,88487,8670.637999999999,3102.2230000000004,76701.93800000001,19057.4572,0.8668158938601151,0.09798770440855718,0.035058517070304114,0.21537013572615188,0.8671196753188026,0.1673642171907271,0.12366844727925057,0.4198047669398185,88456,51807,25085,45396,0,0
97,2019-07-01,104771,9932.784,3298.211,91430.69399999999,23077.139499999994,0.8726717698599802,0.09480470740949308,0.03148019012894789,0.22026266333241062,0.87367243504601,0.16430045488379785,0.12381136679304777,0.428982981689748,104651,60455,26639,53795,0,0
98,2019-07-02,116180,11608.726999999999,3848.777,100670.696,27524.7768,0.8665062489240832,0.09992018419693578,0.033127707006369425,0.23691493200206576,0.8669913103388881,0.16747784750775443,0.13407102797227158,0.4451542372881356,116115,69315,28707,61832,0,0
99,2019-07-03,115750,11396.788000000002,3953.7280000000005,100369.947,25210.4781,0.8671269719222462,0.09846037149028079,0.03415747732181426,0.21780110669546437,0.8675241968244639,0.17256878955816,0.12473508533930658,0.43105887150551425,115697,66042,31697,58485,0,0
100,2019-07-04,97929,10256.499999999998,3092.0809999999997,84564.08499999999,23759.2567,0.8635244411767709,0.10473404201002766,0.03157472250303791,0.24261716856089618,0.863771411936548,0.1718582439678284,0.1291434239652508,0.43875933408431983,97901,59680,23943,54151,0,0
101,2019-07-05,93197,9202.679000000002,2962.7500000000005,81012.194,20912.7483,0.8692575297488117,0.0987443694539524,0.0317901863793899,0.22439293432192023,0.8695001019630572,0.1668149255895735,0.12875363956368696,0.42895305519660326,93171,55167,23011,48753,0,0
102,2019-07-06,79866,8015.468,2521.8890000000006,69322.234,18521.7747,0.8679817945057972,0.1003614554378584,0.03157650314276414,0.23191063406205395,0.8681665894375633,0.1692919931569054,0.1263155021287253,0.43767042463196204,79849,47347,19965,42319,0,0
103,2019-07-07,78236,7550.612,2540.0050000000006,68137.263,17350.1215,0.8709195638836342,0.09651071118155324,0.03246593639756634,0.2217664694002761,0.8711645357608613,0.16632769406996212,0.12219199499687307,0.42949034581775875,78214,45396,20787,40397,0,0
104,2019-07-08,102343,9773.688000000002,3887.3479999999995,88668.287,19865.797000000002,0.8663835044898038,0.095499330682118,0.03798352598614463,0.19410997332499538,0.8667815652615938,0.16525240091978902,0.13696525967162285,0.38416965442555745,102296,59144,28382,51711,0,0
105,2019-07-09,108389,10804.811,4224.378000000001,93351.003,20753.7103,0.8612590115233095,0.09968549391543421,0.03897423170247904,0.19147432211755805,0.8615928728991111,0.1736521592388422,0.13578406351451258,0.38528404373816505,108347,62221,31111,53866,0,0
106,2019-07-10,125078,12470.386999999999,5216.72,107377.281,23540.247399999997,0.8584825548857513,0.09970088264922687,0.041707734373750784,0.18820453956730998,0.8587915270368622,0.1743573585749839,0.1388533404311951,0.37812013942431244,125033,71522,37570,62256,0,0
107,2019-07-11,101442,10077.403,3913.9619999999995,87401.48100000001,20342.888600000002,0.8615906725025139,0.09934152520652195,0.03858324954160998,0.20053714043492835,0.8621856232490236,0.16944785781544255,0.13107709310113863,0.3994284036913411,101372,59472,29860,50930,0,0
108,2019-07-12,179461,18060.995,11611.981999999998,149709.292,12318.070499999996,0.8342163032636617,0.10064022266676324,0.06470476593800323,0.06863926145513508,0.8347046767323089,0.14641003088546437,0.13145243162470566,0.17420303064586834,179356,123359,88336,70711,0,0
109,2019-07-13,106440,10554.641,4699.088,91164.856,18881.3998,0.8564905674558436,0.09916047538519353,0.044147763998496806,0.17739007703870724,0.8567964511945264,0.15800360778443112,0.13180433075283293,0.3534849723860339,106402,66800,35652,53415,0,0
110,2019-07-14,98206,9941.43,3612.7840000000006,84634.02100000001,20615.857899999995,0.8618009184774862,0.10123037288964015,0.03678781337189174,0.2099246268048795,0.8621345143020129,0.1619389151327578,0.1324722792607803,0.38392941691342153,98168,61390,27272,53697,0,0
111,2019-07-15,112865,11255.443,4767.628,96822.73400000001,21947.8125,0.857863234838081,0.09972483054977184,0.0422418641740132,0.19446074956806805,0.8582054068427585,0.16814477359984462,0.13943286637615884,0.3818272559628399,112820,66939,34193,57481,0,0
112,2019-07-16,114030,11341.18,4562.548,98115.78099999999,22756.6058,0.8604383144786458,0.09945786196614927,0.040011821450495484,0.19956683153556082,0.8607024957234966,0.16918296412321923,0.13414918702772632,0.3951279808310038,113995,67035,34011,57593,0,0
113,2019-07-17,115353,11282.096000000001,5128.926,98918.54600000002,21328.4763,0.8575290282870841,0.09780496389344015,0.044462874827702795,0.18489745650308184,0.8579083276959638,0.1655844426506201,0.1431061941964286,0.3675295750620347,115302,68135,35840,58032,0,0
114,2019-07-18,110965,10356.873,4429.513999999999,96103.692,20492.4817,0.8660721128283693,0.09333459198846483,0.039918118325598155,0.18467518316586312,0.8667751251409245,0.16407447364668978,0.13404085214549413,0.3714963507487038,110875,63123,33046,55162,0,0
115,2019-07-19,102148,10561.768999999998,3536.7120000000004,88030.34700000001,22354.379199999996,0.8617921741003252,0.10339672827661822,0.03462340917100678,0.21884304342718405,0.8627127568870727,0.17331991532377167,0.12923744792808597,0.42112918126671933,102039,60938,27366,53082,0,0
116,2019-07-20,93093,10245.873999999998,2839.407,79992.97,23620.272699999998,0.859280182183408,0.1100606275444985,0.03050075730720892,0.25372769918253785,0.8602042089189509,0.18554979264383634,0.13096895756457566,0.4730677488483877,92993,55219,21680,49930,0,0
117,2019-07-21,81635,8294.938,2567.851,70759.045,19360.4037,0.8667733815152814,0.1016100692105102,0.031455270410975684,0.23715812702884792,0.8670495288509845,0.17353789828239086,0.12666984017363853,0.44917645816899443,81609,47799,20272,43102,0,0
118,2019-07-22,101966,9948.470999999998,3030.3870000000006,88971.008,23845.611999999994,0.8725556361924564,0.0975665515956299,0.029719582998254328,0.23385846262479643,0.8732579011424758,0.16189537835638726,0.1317445004782193,0.4324008921609515,101884,61450,23002,55147,0,0
119,2019-07-23,94360,9420.91,3214.342,81650.55900000001,20258.6281,0.8653090186519713,0.0998400805426028,0.03406466723187791,0.2146950837219161,0.866548782170337,0.16918522376266074,0.13182717467087726,0.4115850571910364,94225,55684,24383,49221,0,0
120,2019-07-24,97893,10679.901000000002,3473.707,83666.241,23573.0908,0.8546703135055621,0.10909769850755419,0.035484733331290284,0.2408046622332547,0.8555092794257492,0.17465658729639566,0.12904294364575206,0.4355385928608381,97797,61148,26919,54124,0,0
121,2019-07-25,97650,10546.069000000001,2895.746,84177.51500000001,24428.245400000007,0.8620329237071174,0.10799865847414236,0.029654336917562724,0.2501612432155659,0.862554077732578,0.17838411705006768,0.12364942995004057,0.4567136949165219,97591,59120,23419,53487,0,0
122,2019-07-26,200390,29854.894999999997,7465.151,163142.56000000006,104000.80149999999,0.8141252557512852,0.14898395628524375,0.037253111432706223,0.5189919731523528,0.8143121830451626,0.18719093479801113,0.060842164030090386,0.6748040585258239,200344,159489,122697,154120,0,0
123,2019-07-27,101566,12186.925000000001,3587.4810000000007,85766.00600000001,32776.251,0.8444361892759389,0.1199902034145285,0.03532167260697478,0.3227088888013705,0.8448853928599576,0.18256198037600183,0.09720063400888698,0.5288368614669721,101512,66755,36908,61978,0,0
124,2019-07-28,78128,8988.354,2656.277,66465.58699999998,20225.0667,0.8507268456891254,0.1150465134138849,0.033999040036862584,0.2588709131169363,0.8509991549620372,0.18691858506457046,0.13446780398906552,0.4717987006624988,78103,48087,19754,42868,0,0
125,2019-07-29,90608,9338.259,3076.4430000000007,78173.015,20554.5718,0.8627606282006004,0.10306219097651421,0.03395332641709342,0.2268516223733004,0.8631130825540184,0.17555098319359327,0.13346245282200342,0.4277746472424558,90571,53194,23051,48050,0,0
126,2019-07-30,99523,11379.008,2891.2839999999997,85218.78000000001,27179.698500000002,0.8562722184821601,0.11433546014489113,0.029051415250746056,0.2730996704279413,0.8567284608424652,0.18710857518704266,0.13104672981915422,0.4865333398968925,99470,60815,22063,55864,0,0
127,2019-07-31,101174,10943.430999999999,3478.2540000000004,86735.812,24855.2659,0.8572934943760255,0.1081644592484235,0.03437893134599799,0.24566851068456322,0.8576410469381903,0.18358073174414116,0.13042800359982,0.4644889069537104,101133,59611,26668,53511,0,0
128,2019-08-01,98355,10564.044,3301.673,84467.428,23100.518399999997,0.8588015657566976,0.10740728991917035,0.03356893904732855,0.23486877535458286,0.8591946699216764,0.18561415468953157,0.12826514121440502,0.45099702075320663,98310,56914,25741,51221,0,0
129,2019-08-02,97251,10540.23,2973.6399999999994,83723.485,23674.8996,0.8609010190126579,0.1083817132985779,0.03057696064821955,0.24344119443501866,0.8611489565226336,0.1814746646924123,0.12868443828976975,0.4560407520129445,97223,58081,23108,51914,0,0
130,2019-08-03,84897,9134.28,2518.3489999999997,73202.35999999999,21520.321099999997,0.8622490782948748,0.10759249443443232,0.029663580574107444,0.2534874153385867,0.8627978737196939,0.17618099756972574,0.12684979600060442,0.46192841718897565,84843,51846,19853,46588,0,0
131,2019-08-04,83487,9186.312999999998,2452.0540000000005,71827.22399999999,22984.2121,0.8603402206331523,0.11003285541461542,0.029370488818618475,0.2753028866769677,0.8606804227478609,0.17578768800949135,0.1324003239740821,0.49087440146936334,83454,52258,18520,46823,0,0
132,2019-08-05,119771,13074.453,4379.566000000001,102296.306,27396.860099999994,0.8540991224920891,0.1091620926601598,0.03656616376251347,0.22874368670212317,0.8544415525838811,0.1828518104135491,0.13872995660299664,0.4356037157757496,119723,71503,31569,62894,0,0
133,2019-08-06,110578,11403.954,4467.8279999999995,94688.604,22323.133,0.8563059921503374,0.10313040568648375,0.040404311888440736,0.2018768018954946,0.8565926126957419,0.1770168107663412,0.13977687398323113,0.4016685799625738,110541,64423,31964,55576,0,0
134,2019-08-07,109786,12775.509999999998,4123.079,92867.457,27868.124000000003,0.8458952598692,0.11636738746288232,0.03755559907456324,0.25384041681088665,0.8461958595679152,0.18651196402762163,0.13089970791796304,0.4629410279411277,109747,68497,31498,60198,0,0
135,2019-08-08,92196,10511.404999999999,3497.877,78173.534,22117.6556,0.8479059178272376,0.11401150809145731,0.03793957438500586,0.23989821250379625,0.8481451014429858,0.18469251313408183,0.13090857035928144,0.4406521945291176,92170,56913,26720,50193,0,0
136,2019-08-09,94207,10512.098,3579.3730000000005,80103.55600000001,21304.686999999998,0.8502930355493754,0.11158510514080694,0.037994766843228216,0.22614760049677834,0.85048261949759,0.18382292868883993,0.14053290145268946,0.42745304066932843,94186,57186,25470,49841,0,0
137,2019-08-10,201233,12148.903,3117.7819999999992,185954.74000000002,25502.0939,0.9240767667330906,0.06037231964936168,0.01549339323073253,0.1267291840801459,0.9247017111145369,0.20660345560600651,0.13844502664298397,0.478849614135231,201097,58803,22520,53257,0,0
138,2019-08-11,128144,13131.973,2548.2560000000003,112437.68300000002,27724.164699999998,0.8774322871144964,0.10247825103009114,0.019885878386814836,0.21635164112248717,0.8780009760973287,0.2321818455064623,0.1383868795481699,0.5358465509576914,128061,56559,18414,51739,0,0
139,2019-08-12,138648,14222.471000000001,3277.684,121148.056,30359.1634,0.8737814898159367,0.10257970544111708,0.02364032658242456,0.21896575067797588,0.8740714852599529,0.2177786607867457,0.13246378920142257,0.5138218397224338,138602,65307,24744,59085,0,0
140,2019-08-13,125311,12150.143999999998,3538.1130000000003,109364.891,26609.1844,0.8727477316436706,0.09695991572966459,0.028234656175435517,0.21234516044082322,0.874695206027257,0.18663242296703633,0.1331719738030714,0.4569669311351537,125032,65102,26568,58230,0,0
141,2019-08-14,112387,13753.89,3838.0269999999996,94711.94600000001,30530.183300000008,0.8427304403534217,0.12237972363351633,0.034150097431197554,0.2716522667212401,0.8434884669504659,0.19122810188532338,0.13556663487690296,0.4728523263017689,112286,71924,28311,64566,0,0
142,2019-08-15,104689,12186.196999999998,4070.254,88403.44900000001,25935.729700000004,0.8444387566984115,0.11640379600531095,0.03887948112982262,0.2477407339835131,0.8448099633993674,0.18387321010939264,0.14336928495949278,0.441444201048475,104643,66275,28390,58752,0,0
143,2019-08-16,101960,11310.086000000003,3204.9489999999996,87133.072,26574.087600000006,0.85458093369949,0.11092669674382113,0.03143339544919576,0.2606324794036878,0.8572630336183233,0.17807513422448953,0.13513868274582558,0.4663265995156706,101641,63513,23716,56986,0,0
144,2019-08-17,198179,10796.932999999997,2788.319,184552.66,22454.6446,0.9312422607844424,0.05448071188168271,0.014069699614994526,0.11330486378476023,0.9323478357515257,0.20359663215854873,0.13352099794090888,0.47432709336713136,197944,53031,20883,47340,0,0
145,2019-08-18,109497,9750.662999999997,2852.151,96888.10800000001,21526.799399999996,0.8848471464971643,0.08904959039973695,0.02604775473300638,0.19659716156607027,0.8853565436701574,0.19562360564962678,0.12176191086065573,0.48648134237288126,109434,49844,23424,44250,0,0
146,2019-08-19,112008,12930.382999999998,3114.725,95956.22899999999,29935.088699999997,0.8566908524391115,0.11544160238554386,0.02780805835297479,0.2672584877865866,0.8571193815206516,0.1953702254321286,0.1275951415345541,0.5020980996309963,111952,66184,24411,59620,0,0
147,2019-08-20,111145,14268.548,3337.952,93538.594,33149.19729999999,0.8415906608484413,0.12837777677808268,0.030032408115524767,0.29825180889828595,0.8432826130073384,0.19647693536393931,0.13202879519025396,0.5031525173413475,110922,72622,25282,65883,0,0
148,2019-08-21,103219,12355.885000000002,3495.94,87354.159,27287.2307,0.8462992181671979,0.11970552902081984,0.033869151997209815,0.2643624788071964,0.8465206508256454,0.19176925703465728,0.13913081545747602,0.4707698135017166,103192,64431,25127,57963,0,0
149,2019-08-22,87490,10160.741,3227.1389999999997,74093.63599999998,21776.448899999996,0.8468811978511828,0.11613602697451138,0.036885804091896214,0.24890214767401983,0.8470651530221442,0.18657254865956666,0.13944341701594434,0.4512131469893497,87471,54460,23143,48262,0,0
150,2019-08-23,103270,11929.268,3672.2119999999995,87652.629,25434.1749,0.8487714631548369,0.11551532874987896,0.035559329911881474,0.2462881272392757,0.8490181034482759,0.1855222780361114,0.13670657434293795,0.45076074257864424,103240,64301,26862,56425,0,0
151,2019-08-24,84398,9578.753000000002,3008.9610000000002,71810.12900000002,20553.731000000003,0.8508510746700161,0.11349502357875782,0.03565204151757151,0.24353338941681085,0.8509418170614655,0.18279365291401095,0.13545336274421538,0.4459670847075161,84389,52402,22214,46088,0,0
152,2019-08-25,77285,9074.687,2451.91,65739.699,20155.536599999996,0.8506139483729054,0.11741847706540726,0.031725561234392186,0.2607949356278708,0.8509332479030755,0.18872570917560935,0.1315896527665969,0.4684501603681494,77256,48084,18633,43026,0,0
153,2019-08-26,93116,10159.925000000001,3131.042,79824.27,21315.160399999993,0.8572562180506036,0.10911041067056146,0.03362517719833326,0.22890975127797578,0.8573298749838897,0.18549825637654965,0.14425441142593873,0.440541509589947,93108,54771,21705,48384,0,0
154,2019-08-27,92377,9573.083999999999,3322.6549999999997,79462.719,20217.357700000004,0.8602002554748476,0.1036306006906481,0.035968422875824066,0.2188570499150222,0.8605262935608932,0.17525738242132433,0.13611859893486275,0.4196126626678567,92342,54623,24410,48181,0,0
155,2019-08-28,89195,8790.587,3149.055,77255.23599999998,19044.883100000003,0.866138640058299,0.09855470598127697,0.03530528617074948,0.2135196266606873,0.8663231811249661,0.16966969696969697,0.13460951526032316,0.41500257348935526,89176,51810,23394,45891,0,0
156,2019-08-29,81592,8148.156000000001,3475.526,69966.65699999999,15676.6655,0.8575185925090694,0.09986464359250909,0.0425964065104422,0.1921348355230905,0.8577078113124279,0.17287581948952965,0.13692876841856433,0.3889894915758914,81574,47133,25382,40301,0,0
157,2019-08-30,77255,8192.373,2831.879,66198.777,17738.309,0.8568866351692447,0.10604327228011132,0.03665625525855932,0.2296072616659116,0.8574304717249955,0.1749198889719227,0.1349734998331824,0.4268942289179823,77206,46835,20981,41552,0,0
158,2019-08-31,66584,6845.213999999999,2148.339,57586.666000000005,15832.734600000002,0.8648724318154513,0.10280568905442748,0.032265093716208094,0.23778587348311908,0.8650543187622053,0.16999985099091042,0.13567885562713147,0.4387743764549385,66570,40266,15834,36084,0,0
159,2019-09-01,75252,8575.304,2438.7680000000005,64083.766,20578.982500000002,0.8515888747142933,0.11395449954818476,0.0324080157338011,0.27346758225695,0.853437467538521,0.18030496215306982,0.1294806477302894,0.47856985884049213,75089,47560,18835,43001,0,0
160,2019-09-02,87421,9175.439,3103.1789999999996,75063.509,20421.974500000004,0.8586439070703836,0.10495692110591277,0.035496951533384426,0.23360490614383275,0.8596666055865411,0.17763269059511363,0.13271657685399024,0.4495855604966538,87317,51654,23382,45424,0,0
161,2019-09-03,96697,9981.519,3408.89,83059.976,21524.6261,0.8589715916729578,0.10322470190388533,0.035253317062576915,0.22259869592645068,0.8615733208858462,0.1788257878424136,0.12961066119158968,0.43761692554792014,96405,55817,26301,49186,0,0
162,2019-09-04,84538,8514.265000000001,2944.2110000000007,72768.463,18409.4837,0.8607781471054438,0.10071524048356953,0.034827071849345866,0.21776578225176843,0.8640898544185053,0.17442975088093093,0.1331438972550084,0.42792849139934913,84214,48812,22113,43020,0,0
163,2019-09-05,81578,8897.548,2964.311,69695.704,19004.1911,0.8543443575473779,0.10906798401529826,0.036337137463531836,0.2329573058912942,0.8547215422726938,0.17629729140660605,0.1332274606741573,0.4295509041182587,81542,50469,22250,44242,0,0
164,2019-09-06,125945,13500.954999999998,4726.638,107709.232,27312.7246,0.8552084798920164,0.10719722894914445,0.03752938187303982,0.21686231767835168,0.8558472479360514,0.18869786716609827,0.1466579167830215,0.4198663294953191,125851,71548,32229,65051,0,0
165,2019-09-07,89133,9077.534000000001,3065.323,76964.53600000001,19640.736599999997,0.8634796988769592,0.10184257233572304,0.03439043900687736,0.22035314193396383,0.8640419421835532,0.18089944200876845,0.13105271483539974,0.4302367220871393,89075,50180,23390,45651,0,0
166,2019-09-08,73050,7893.733,2378.727,62765.960999999996,17852.3435,0.8592191786447638,0.10805931553730322,0.03256299794661191,0.24438526351813825,0.8595251013365468,0.18326831816493314,0.12888637841352404,0.4603492392986075,73024,43072,18456,38780,0,0
167,2019-09-09,83943,9133.181,2504.952,72288.12900000002,21133.5967,0.8611573210392768,0.10880217528561048,0.02984110646510132,0.25176127491273836,0.8614651960959567,0.1851220407005027,0.12972976332280284,0.46774371873755033,83913,49336,19309,45182,0,0
168,2019-09-10,86166,8909.571,2649.063,74594.728,21215.524100000002,0.8657095374045447,0.1034000765963373,0.030743715618689507,0.24621688485017296,0.8660613251906979,0.17548889107740792,0.1349153552330023,0.45698490253096397,86131,50770,19635,46425,0,0
169,2019-09-11,90028,10808.831000000002,3167.344,76032.134,26220.039199999996,0.8445387435020216,0.12006076998267208,0.035181765672901766,0.291243159905807,0.8448484249124952,0.18815964835930024,0.12356991260923846,0.49879276352084,89995,57445,25632,52567,0,0
170,2019-09-12,87796,9997.798999999999,3196.028,74593.91100000001,23137.523800000003,0.8496276709645088,0.11387533600619618,0.03640288851428311,0.26353733427491005,0.8498793551327334,0.18337519487903742,0.1316646617780341,0.47370247727458853,87770,54521,24274,48844,0,0
171,2019-09-13,75064,7757.775,2493.8120000000004,64791.50699999999,17885.335099999997,0.8631502051582648,0.10334880901630608,0.03322247681978046,0.23826781279974418,0.8634953087933469,0.17710197698840288,0.13323780520382542,0.45368918624118504,75034,43804,18717,39422,0,0
172,2019-09-14,66979,7183.383,2028.445,57757.815,16800.5433,0.8623272219650936,0.10724828677645232,0.030284790755311364,0.25083299690947913,0.8625590268962531,0.17673907587835844,0.12822029077117572,0.4600997754347529,66961,40644,15820,36515,0,0
173,2019-09-15,70345,7478.409,2053.3869999999997,60797.132999999994,17593.771099999998,0.8642708508067382,0.1063104556116284,0.029190233847466055,0.2501069173359869,0.8646027048550868,0.17717149964463397,0.12722348203221806,0.4636161980552847,70318,42210,16140,37949,0,0
174,2019-09-16,94334,9357.148999999998,3198.7219999999998,81773.28300000001,20493.2298,0.8668484639684526,0.09919169122479697,0.03390847414505904,0.2172411834545339,0.8670874475124063,0.1772623752060166,0.13234813190450576,0.4326021658363591,94308,52787,24169,47372,0,0
175,2019-09-17,83249,8625.440999999999,2914.493,71696.00899999999,18501.355900000002,0.8612236663503464,0.10361014546721281,0.03500934545760309,0.22224117887301953,0.8614823728732095,0.17639660108797903,0.136753612987988,0.4239249341246019,83224,48898,21312,43643,0,0
176,2019-09-18,91410,9524.812,2933.156,78913.109,21063.7268,0.863287484957882,0.10419879663056558,0.03208791160704518,0.2304313182365168,0.8637599496497372,0.17405182369709815,0.12031979653786201,0.4237662817366113,91360,54724,24378,49706,0,0
177,2019-09-19,86501,8877.940999999999,2915.3189999999995,74685.39899999999,19810.0065,0.8634050357799331,0.10263396954948496,0.03370272019976647,0.22901476861539172,0.8640743110350093,0.17562344958556703,0.12491725940526179,0.438798708634209,86434,50551,23338,45146,0,0
178,2019-09-20,82082,8384.445999999998,2487.4979999999996,71199.10299999999,18875.3782,0.867414329572866,0.10214719426914547,0.03030503642698764,0.22995758144294728,0.8677843553085425,0.1785900570844338,0.12054167474316727,0.44338583072983956,82047,46948,20636,42571,0,0
179,2019-09-21,69865,7470.941999999999,2107.304,60285.123999999996,16788.154300000002,0.8628801832104773,0.10693397266156157,0.030162513418736134,0.24029420024332646,0.8629666466260127,0.18164657540907872,0.1255318996842795,0.4489171404123326,69858,41129,16787,37397,0,0
180,2019-09-22,69157,7214.7119999999995,2134.513,59796.099,16794.835700000003,0.864642754891045,0.10432366933209943,0.030864742542331215,0.2428508422863919,0.8648928793554826,0.1769005492349941,0.12950570319136026,0.4569028701235106,69137,40784,16482,36758,0,0
181,2019-09-23,97848,9783.221,2819.242,85225.255,23074.2355,0.8709963923636661,0.09998386272586052,0.02881246423023465,0.23581713984956257,0.8712902417829577,0.17759582115562655,0.11991671629094003,0.4662026811330666,97815,55087,23510,49494,0,0
182,2019-09-24,105982,10052.938,4129.459,91787.726,20332.6618,0.8660690117189711,0.09485514521333811,0.03896377686777,0.19185014247702442,0.8663632982840315,0.17023297321095945,0.13915615838247683,0.39414313295985426,105946,59054,29675,51587,0,0
183,2019-09-25,103701,9970.568,4305.046,89409.36899999999,19546.1204,0.862184250875112,0.09614726955381336,0.04151402590138958,0.18848536079690648,0.8625169446561387,0.17373656972590565,0.14075677619748245,0.3902278025115295,103661,57389,30585,50089,0,0
184,2019-09-26,92496,9440.267,3439.522,79584.33,20350.719900000004,0.860408341982356,0.10206135400449749,0.03718562964884968,0.2200172969641931,0.8608643871623741,0.1753685980197284,0.13239114703618168,0.4391988928694752,92447,53831,25980,46336,0,0
185,2019-09-27,86325,8623.57,3103.291,74572.595,18547.2395,0.8638586156964958,0.09989655372140167,0.03594892557196641,0.21485362872864175,0.8642490670560694,0.17310148942149423,0.12857519887305272,0.42668720668077664,86286,49818,24136,43468,0,0
186,2019-09-28,158295,8431.652,9378.976999999999,140469.07400000002,-18585.3468,0.887387940238163,0.05326543478947535,0.05924998894469186,-0.117409563157396,0.8875561494960985,0.18704583166955055,0.0917349080594679,-0.4619428528819626,158265,45078,102240,40233,0,0
187,2019-09-29,89930,7128.472999999998,4126.941000000001,78666.89800000002,5736.9809,0.8747570110085624,0.07926690759479593,0.04589059268319805,0.06379384966084732,0.8749905234355885,0.18259876021414478,0.10346840996840999,0.16826458131690863,89906,39039,39886,34095,0,0
188,2019-09-30,79563,7740.091999999999,3005.067,68794.486,14799.9368,0.8646542488342572,0.09728255596194209,0.037769654236265604,0.1860153186782801,0.8650565349696955,0.17504787751317363,0.12293679430535101,0.38740247624532104,79526,44217,24444,38203,0,0
189,2019-10-01,81470,8248.189,2800.69,70411.54299999999,18243.233099999998,0.8642634466674849,0.10124204001472935,0.034376948570025774,0.22392577758684176,0.864656134490931,0.17588632050325195,0.13268381656244077,0.43917267934520937,81433,46895,21108,41540,0,0
190,2019-10-02,69615,6953.478,2251.436,60398.492,15723.267900000003,0.867607440925088,0.09988476621417798,0.032341248294189474,0.22586034475328598,0.867969016756244,0.1748554831895793,0.13195615988746923,0.4391728925758338,69586,39767,17062,35802,0,0
191,2019-10-03,74256,7539.7609999999995,2493.1579999999994,64205.48,16977.3754,0.8646503986209869,0.10153739765136824,0.03357517237664296,0.2286330451411334,0.8649882118366633,0.17330393508941294,0.1329826114785577,0.43981698401595815,74227,43506,18748,38601,0,0
192,2019-10-04,72969,7635.975,2365.232,62961.966,17697.255100000002,0.8628591045512478,0.10464683632775562,0.03241420329180885,0.24253114473269474,0.8630365161608685,0.17693069651049634,0.12853823161784686,0.4545333273404393,72954,43158,18401,38935,0,0
193,2019-10-05,63366,6683.592,2173.0,54490.89200000001,15724.1865,0.8599389578007134,0.10547599659123189,0.034292838430704166,0.24814863649275637,0.8603191133284916,0.17675848936845445,0.12913002139291657,0.4596102683269028,63338,37812,16828,34212,0,0
194,2019-10-06,69191,7279.848,2448.1510000000003,59457.939,17085.444900000002,0.8593305343180471,0.10521379948259167,0.03538250639534044,0.2469316081571303,0.8594795964093149,0.1714882570493039,0.12136983788607408,0.4510532194619711,69179,42451,20171,37879,0,0
195,2019-10-07,78896,7993.647999999999,3302.273,67585.55900000001,14927.618400000001,0.856641135165281,0.10131879943216385,0.041856025654025554,0.189206276617319,0.8568800745492813,0.16324894824980596,0.1319695080525916,0.36988003369839934,78874,48966,25023,40358,0,0
196,2019-10-08,73850,8226.345000000001,2482.02,63132.149999999994,18373.5233,0.8548700067704806,0.11139262017603252,0.033608937034529454,0.2487951699390657,0.8551015847216578,0.18203905731356498,0.13176301958910655,0.4586386585457178,73830,45190,18837,40061,0,0
197,2019-10-09,82241,9113.381,2652.836,70464.47700000001,21025.734099999998,0.8568047202733431,0.1108131102491458,0.03225685485341861,0.2556600004863754,0.8570965297459041,0.18069556855358382,0.13019414998036904,0.4639701237946024,82213,50435,20376,45317,0,0
198,2019-10-10,77607,7780.9890000000005,2703.1680000000006,67116.07900000001,17025.064,0.8648199131521642,0.10026143260272914,0.03483149715876146,0.2193753656242349,0.8649982472193941,0.16967941644678022,0.1329514066496164,0.42049654218533883,77591,45857,20332,40488,0,0
